feature	metadata	value	coef	stderr	N	N.not.0	pval	qval
Fusobacteriota	Pig	WM2	-4.31398779246393	0.967387909753574	7	4	0.00664404220530876	0.0863725486690138
Campilobacterota	Pig	WM2	3.29058059495039	1.13391049917374	7	5	0.0337130565235606	0.219134867403144
