feature	metadata	value	coef	stderr	N	N.not.0	pval	qval
Micrococcus	Pig	WM2	2.5909544416971	0.574966435337052	20	12	0.000273195028209091	0.0378644223177138
UCG.010	Pig	WM2	1.40659660128971	0.329278255919062	20	20	0.000458962694760167	0.0378644223177138
Lachnospiraceae_ND3007_group	Pig	WM2	1.48951609084426	0.372175492228629	20	7	0.000835747714935914	0.0459661243214753
Olsenella	Pig	WM2	2.17960577565088	0.697591349108966	20	7	0.00585701110496995	0.24160170808001
